Phone,Laptop,Cooker
Clothes,Makeup,
Books,,
Smartwatch,Camera,Shoes
Furniture,Books,
Jewelry,Skincare,Headphones
Books,Clothing,Tablet
Laptop,Cookware,
Perfume,Handbags,Books
Appliances,Smartphone,
Shoes,Makeup,Smart Home
Books,Clothing,Haircare
Camera,Utensils,Books
Furniture,Books,
Accessories,Smartwatch,
Books,Laptop,Skincare
Smartphone,Blender,Books
Clothing,Perfume,Books
Headphones,Books,
Cookware,Shoes,Books
Books,Skincare,Tablet
Handbags,Laptop,Books
Makeup,Books,Clothing
Smart Home,Appliances,Books
Clothing,Haircare,Books
Laptop,Furniture,Books
Accessories,Books,
Books,Smartphone,Headphones
Cookware,Fashion,Laptop
Perfume,Jewelry,Books
Smartwatch,Shoes,Books
Appliances,Clothing,Tablet
Furniture,Makeup,Books
Phone,Laptop,Smart Home
Headphones,Books,Skincare
Fashion,Perfume,Books
Smartphone,Jewelry,Cookware
Books,Accessories,Laptop
Camera,Clothing,Books
Smart Home,Shoes,Books
Books,Makeup,Smartphone
Furniture,Perfume,Books
Smartwatch,Clothing,Tablet
Laptop,Cookware,Books
Handbags,Jewelry,Skincare
Books,Accessories,Tablet
Smartphone,Shoes,Headphones
Fashion,Furniture,Books
Makeup,Jewelry,Headphones
Smart Home,Appliances,Books
Shoes,Makeup,Smartwatch
Books,Clothing,Haircare
Camera,Utensils,Books
Furniture,Books,
Accessories,Smartwatch,
Books,Laptop,Skincare
Smartphone,Blender,Books
Clothing,Perfume,Books
Headphones,Books,
Cookware,Shoes,Books
Books,Skincare,Tablet
Handbags,Laptop,Books
Makeup,Books,Clothing
Smart Home,Appliances,Books
Shoes,Makeup,Smartwatch
